-- MySQL dump 10.13  Distrib 5.7.24, for Linux (x86_64)
--
-- Host: localhost    Database: platform_2
-- ------------------------------------------------------
-- Server version	5.7.24-0ubuntu0.16.04.1

/*!40101 SET @OLD_CHARACTER_SET_CLIENT=@@CHARACTER_SET_CLIENT */;
/*!40101 SET @OLD_CHARACTER_SET_RESULTS=@@CHARACTER_SET_RESULTS */;
/*!40101 SET @OLD_COLLATION_CONNECTION=@@COLLATION_CONNECTION */;
/*!40101 SET NAMES utf8 */;
/*!40103 SET @OLD_TIME_ZONE=@@TIME_ZONE */;
/*!40103 SET TIME_ZONE='+00:00' */;
/*!40014 SET @OLD_UNIQUE_CHECKS=@@UNIQUE_CHECKS, UNIQUE_CHECKS=0 */;
/*!40014 SET @OLD_FOREIGN_KEY_CHECKS=@@FOREIGN_KEY_CHECKS, FOREIGN_KEY_CHECKS=0 */;
/*!40101 SET @OLD_SQL_MODE=@@SQL_MODE, SQL_MODE='NO_AUTO_VALUE_ON_ZERO' */;
/*!40111 SET @OLD_SQL_NOTES=@@SQL_NOTES, SQL_NOTES=0 */;

--
-- Table structure for table `Alarm`
--

DROP TABLE IF EXISTS `Alarm`;
/*!40101 SET @saved_cs_client     = @@character_set_client */;
/*!40101 SET character_set_client = utf8 */;
CREATE TABLE `Alarm` (
  `id` int(11) NOT NULL AUTO_INCREMENT,
  `alarming_user` varchar(45) NOT NULL,
  `alarmed_user` varchar(45) NOT NULL,
  `alarm_type` int(11) NOT NULL,
  `time` datetime NOT NULL,
  `reason` varchar(500) NOT NULL,
  `view_type` int(11) NOT NULL,
  `commend_id` int(11) DEFAULT NULL,
  `view_id` int(11) DEFAULT NULL,
  `task_id` int(11) DEFAULT NULL,
  PRIMARY KEY (`id`)
) ENGINE=InnoDB AUTO_INCREMENT=19 DEFAULT CHARSET=utf8;
/*!40101 SET character_set_client = @saved_cs_client */;

--
-- Dumping data for table `Alarm`
--

LOCK TABLES `Alarm` WRITE;
/*!40000 ALTER TABLE `Alarm` DISABLE KEYS */;
INSERT INTO `Alarm` VALUES (8,'00000000','16120002',1,'2019-04-04 00:00:00','123',2,4,NULL,NULL),(9,'00000000','16120002',2,'2019-03-22 00:00:00','123',1,NULL,2,NULL),(11,'16122253','16120002',1,'2019-03-04 11:16:33','评论举报',1,4,NULL,NULL),(12,'16120001','16120009',1,'2019-03-04 19:55:24','123123',1,6,NULL,NULL),(13,'16122253','16122253',1,'2019-03-04 20:35:02','哟欧弟',1,10,NULL,NULL),(14,'00000000','16122253',2,'2019-03-13 00:00:00','ssfsfaff',2,NULL,7,NULL),(15,'16120000','16120007',2,'2019-03-05 18:43:07','这个人长得难看，还要别人和他打篮球',2,NULL,4,NULL),(16,'16122277','16122253',1,'2019-03-05 19:29:40','hahhahahah',1,14,NULL,NULL),(17,'16122530','16122160',3,'2019-03-06 08:34:23','这人ZZZZ',0,NULL,NULL,6),(18,'16122253','10000001',2,'2019-03-06 15:36:21','观点光伏发电贵',2,NULL,3,NULL);
/*!40000 ALTER TABLE `Alarm` ENABLE KEYS */;
UNLOCK TABLES;

--
-- Table structure for table `Ban_Reasons`
--

DROP TABLE IF EXISTS `Ban_Reasons`;
/*!40101 SET @saved_cs_client     = @@character_set_client */;
/*!40101 SET character_set_client = utf8 */;
CREATE TABLE `Ban_Reasons` (
  `id` int(11) NOT NULL AUTO_INCREMENT,
  `banned_id` varchar(45) NOT NULL,
  `alarm_id` int(11) DEFAULT NULL,
  PRIMARY KEY (`id`)
) ENGINE=InnoDB AUTO_INCREMENT=7 DEFAULT CHARSET=utf8;
/*!40101 SET character_set_client = @saved_cs_client */;

--
-- Dumping data for table `Ban_Reasons`
--

LOCK TABLES `Ban_Reasons` WRITE;
/*!40000 ALTER TABLE `Ban_Reasons` DISABLE KEYS */;
INSERT INTO `Ban_Reasons` VALUES (1,'10000004',10),(5,'16120002',8);
/*!40000 ALTER TABLE `Ban_Reasons` ENABLE KEYS */;
UNLOCK TABLES;

--
-- Table structure for table `Blacklist`
--

DROP TABLE IF EXISTS `Blacklist`;
/*!40101 SET @saved_cs_client     = @@character_set_client */;
/*!40101 SET character_set_client = utf8 */;
CREATE TABLE `Blacklist` (
  `id` int(11) NOT NULL AUTO_INCREMENT,
  `userA` varchar(45) NOT NULL,
  `userB` varchar(45) NOT NULL,
  PRIMARY KEY (`id`),
  KEY `Blacklist_Users_id_fk` (`userA`),
  KEY `Blacklist_Users_id_fk_2` (`userB`),
  CONSTRAINT `Blacklist_Users_id_fk` FOREIGN KEY (`userA`) REFERENCES `Users` (`id`),
  CONSTRAINT `Blacklist_Users_id_fk_2` FOREIGN KEY (`userB`) REFERENCES `Users` (`id`)
) ENGINE=InnoDB AUTO_INCREMENT=6 DEFAULT CHARSET=utf8;
/*!40101 SET character_set_client = @saved_cs_client */;

--
-- Dumping data for table `Blacklist`
--

LOCK TABLES `Blacklist` WRITE;
/*!40000 ALTER TABLE `Blacklist` DISABLE KEYS */;
INSERT INTO `Blacklist` VALUES (1,'16122160','16122075');
/*!40000 ALTER TABLE `Blacklist` ENABLE KEYS */;
UNLOCK TABLES;

--
-- Table structure for table `Comments`
--

DROP TABLE IF EXISTS `Comments`;
/*!40101 SET @saved_cs_client     = @@character_set_client */;
/*!40101 SET character_set_client = utf8 */;
CREATE TABLE `Comments` (
  `id` int(11) NOT NULL AUTO_INCREMENT,
  `view_id` int(11) NOT NULL,
  `user_id` varchar(45) NOT NULL,
  `content` varchar(45) NOT NULL,
  `time` datetime NOT NULL,
  PRIMARY KEY (`id`)
) ENGINE=InnoDB AUTO_INCREMENT=26 DEFAULT CHARSET=utf8;
/*!40101 SET character_set_client = @saved_cs_client */;

--
-- Dumping data for table `Comments`
--

LOCK TABLES `Comments` WRITE;
/*!40000 ALTER TABLE `Comments` DISABLE KEYS */;
INSERT INTO `Comments` VALUES (5,2,'16120009','+1，亲测好评','2019-03-04 19:45:22'),(11,6,'16122253','奋斗过覆盖','2019-03-04 20:38:11'),(13,1,'00000000','改变风格风格和恢复的官方','2019-03-04 20:44:54'),(14,3,'16122253','加入！','2019-03-05 15:28:16'),(15,1,'00000000','不会的','2019-03-05 17:10:47'),(16,4,'16120000','不想和你约','2019-03-05 18:42:42'),(17,1,'16120000','nnb','2019-03-05 18:44:38'),(18,3,'16122277','hhhhh','2019-03-05 19:29:14'),(19,11,'16122253','谢谢大家了','2019-03-05 23:44:24'),(20,12,'16122253','谢谢大家！求赞！顶上去！','2019-03-05 23:45:44'),(21,14,'10007754','在线等！','2019-03-05 23:59:28'),(22,15,'16120003','爸爸来带你','2019-03-06 00:01:55'),(23,13,'16120015','抢啊，还没进过伟长楼呢！！！','2019-03-06 00:16:20'),(24,10,'16120009','好的！','2019-03-06 00:17:11'),(25,17,'16122253','咕咚咕咚','2019-03-06 15:36:08');
/*!40000 ALTER TABLE `Comments` ENABLE KEYS */;
UNLOCK TABLES;

--
-- Table structure for table `Friends`
--

DROP TABLE IF EXISTS `Friends`;
/*!40101 SET @saved_cs_client     = @@character_set_client */;
/*!40101 SET character_set_client = utf8 */;
CREATE TABLE `Friends` (
  `id` int(11) NOT NULL AUTO_INCREMENT,
  `userA` varchar(45) NOT NULL,
  `userB` varchar(45) NOT NULL,
  PRIMARY KEY (`id`),
  KEY `Friends_Users_id_fk` (`userA`),
  KEY `Friends_Users_id_fk_2` (`userB`),
  CONSTRAINT `Friends_Users_id_fk` FOREIGN KEY (`userA`) REFERENCES `Users` (`id`),
  CONSTRAINT `Friends_Users_id_fk_2` FOREIGN KEY (`userB`) REFERENCES `Users` (`id`)
) ENGINE=InnoDB AUTO_INCREMENT=22 DEFAULT CHARSET=utf8;
/*!40101 SET character_set_client = @saved_cs_client */;

--
-- Dumping data for table `Friends`
--

LOCK TABLES `Friends` WRITE;
/*!40000 ALTER TABLE `Friends` DISABLE KEYS */;
INSERT INTO `Friends` VALUES (3,'16122253','16122160'),(4,'16122253','16120000'),(5,'16122253','16120001'),(6,'16120000','16122253'),(7,'16122253','10000001'),(8,'10000001','16122253'),(15,'16122277','16122253'),(16,'16120003','16122253'),(17,'16122253','16120003'),(18,'16120001','16122253'),(20,'16122530','16122253'),(21,'16122253','16122530');
/*!40000 ALTER TABLE `Friends` ENABLE KEYS */;
UNLOCK TABLES;

--
-- Table structure for table `Help`
--

DROP TABLE IF EXISTS `Help`;
/*!40101 SET @saved_cs_client     = @@character_set_client */;
/*!40101 SET character_set_client = utf8 */;
CREATE TABLE `Help` (
  `id` int(11) NOT NULL AUTO_INCREMENT,
  `puller` varchar(45) NOT NULL,
  `title` varchar(45) NOT NULL,
  `content` varchar(500) NOT NULL,
  `start_time` datetime NOT NULL,
  `end_time` datetime NOT NULL,
  `state` int(11) NOT NULL,
  `receiver` varchar(45) NOT NULL,
  `pusher_phone` varchar(11) NOT NULL,
  `receiver_phone` varchar(11) DEFAULT NULL,
  `others` varchar(500) DEFAULT NULL,
  PRIMARY KEY (`id`)
) ENGINE=InnoDB AUTO_INCREMENT=23 DEFAULT CHARSET=utf8;
/*!40101 SET character_set_client = @saved_cs_client */;

--
-- Dumping data for table `Help`
--

LOCK TABLES `Help` WRITE;
/*!40000 ALTER TABLE `Help` DISABLE KEYS */;
INSERT INTO `Help` VALUES (1,'16122253','不想学习','不想学习','2018-03-04 11:15:24','2019-03-04 11:15:27',1,' ','13472568897','11111111111',NULL),(2,'16122253','互助系统任务','取快递','2019-03-04 20:10:15','2019-03-30 03:03:00',3,'16120001','13472568897','13000000000',NULL),(3,'16120001','互助系统任务','求购2018新版中近纲，考试周急用！','2019-03-05 17:43:48','2019-03-12 21:00:00',3,'16120000','13000000000','11111111111','16120000'),(4,'16120001','互助系统任务','测试重复确认','2019-03-05 17:45:48','2019-03-19 08:00:00',3,'16120003','13000000000','13000000001',NULL),(7,'16120012','互助系统任务','转手两张周六弘基的电影票，周末临时有事无法前往！\n影名《XXX》','2019-03-05 23:45:26','2019-03-08 22:00:00',1,'00000000','4008123123','101111111','00000000'),(8,'10000003','互助系统任务','上大浴室快递点代领快递！单号：XXX 姓名：XXX','2019-03-05 23:51:26','2019-03-07 12:00:00',2,'16122253','手机号：XXX','12345678901','16122253'),(9,'16122253','互助系统任务','回收彩电、冰箱、空调、电脑、洗衣机、旧手机。','2019-03-05 23:54:30','2019-06-30 00:00:00',3,'10000003','12345678901','12300000000','10000003'),(11,'16120021','互助系统任务','数据库作业写完了吗！！！！有没有教我的！！！','2019-03-06 08:18:02','2019-04-04 01:00:00',3,'16122530','12345678123','111111111','16122530'),(12,'16120021','互助系统任务','考试周一起学习吧！','2019-03-06 08:18:59','2019-03-23 00:00:03',1,'16122253','12345678912','111111111','16122253'),(13,'16122530','互助系统任务','新世纪取快递','2019-03-06 08:31:24','2019-03-07 00:08:00',0,'','11111111111',NULL,NULL),(15,'16120021','互助系统任务','任务发布人发布了任务','2019-03-06 08:43:36','2019-03-13 00:00:02',0,'','123',NULL,NULL),(17,'00000000','互助系统任务','我要去音乐节 一起吗','2019-03-06 16:40:14','2019-02-27 00:07:00',0,'','颠三倒四的',NULL,NULL),(18,'00000000','互助系统任务','我要去玩','2019-03-06 16:41:02','2019-03-06 00:00:03',0,'','111111',NULL,NULL),(19,'00000000','互助系统任务','我是谁','2019-03-06 16:42:03','2019-03-06 00:00:03',0,'','我问问',NULL,NULL),(20,'16122253','互助系统任务','发布任务测试','2019-03-06 16:43:53','2019-03-06 00:00:02',0,'','11111111111',NULL,NULL),(21,'16122253','互助系统任务','测试','2019-03-06 16:46:24','2019-03-23 00:00:02',0,'','11111111',NULL,NULL),(22,'16122253','互助系统任务','今天一起学习','2019-03-06 16:51:09','2019-03-13 00:00:04',0,'','111111',NULL,NULL);
/*!40000 ALTER TABLE `Help` ENABLE KEYS */;
UNLOCK TABLES;

--
-- Table structure for table `Likes`
--

DROP TABLE IF EXISTS `Likes`;
/*!40101 SET @saved_cs_client     = @@character_set_client */;
/*!40101 SET character_set_client = utf8 */;
CREATE TABLE `Likes` (
  `id` int(11) NOT NULL AUTO_INCREMENT,
  `view_id` int(11) DEFAULT NULL,
  `user_id` varchar(45) NOT NULL,
  `time` datetime NOT NULL,
  `type` int(11) NOT NULL,
  `commend_id` int(11) DEFAULT NULL,
  PRIMARY KEY (`id`)
) ENGINE=InnoDB AUTO_INCREMENT=220 DEFAULT CHARSET=utf8;
/*!40101 SET character_set_client = @saved_cs_client */;

--
-- Dumping data for table `Likes`
--

LOCK TABLES `Likes` WRITE;
/*!40000 ALTER TABLE `Likes` DISABLE KEYS */;
INSERT INTO `Likes` VALUES (1,3,'10000001','2019-03-04 18:20:53',0,NULL),(2,3,'16122075','2019-03-04 18:21:11',0,NULL),(3,3,'16120000','2019-03-04 18:21:54',0,NULL),(4,3,'16120001','2019-03-04 18:23:15',0,NULL),(5,3,'16120002','2019-03-04 18:23:49',0,NULL),(6,3,'16120003','2019-03-04 18:38:52',0,NULL),(7,3,'16120004','2019-03-04 18:39:11',0,NULL),(8,3,'16120005','2019-03-04 18:39:29',0,NULL),(9,3,'16120006','2019-03-04 18:39:46',0,NULL),(10,3,'16120007','2019-03-04 18:40:07',0,NULL),(11,3,'16120008','2019-03-04 18:40:29',0,NULL),(12,3,'16120009','2019-03-04 18:40:47',0,NULL),(13,3,'16120010','2019-03-04 18:41:05',0,NULL),(14,3,'16120011','2019-03-04 18:41:22',0,NULL),(15,3,'16120012','2019-03-04 18:41:38',0,NULL),(17,3,'16120013','2019-03-04 18:42:17',0,NULL),(18,3,'16120014','2019-03-04 18:42:34',0,NULL),(19,3,'16120015','2019-03-04 18:43:12',0,NULL),(20,3,'16120016','2019-03-04 19:20:31',0,NULL),(21,3,'16120017','2019-03-04 19:24:33',0,NULL),(22,3,'16120018','2019-03-04 19:25:00',0,NULL),(23,3,'16120019','2019-03-04 19:25:24',0,NULL),(24,3,'16120020','2019-03-04 19:26:10',0,NULL),(25,3,'16120021','2019-03-04 19:26:32',0,NULL),(26,3,'16120022','2019-03-04 19:26:55',0,NULL),(27,3,'16120023','2019-03-04 19:27:25',0,NULL),(28,3,'16120024','2019-03-04 19:27:47',0,NULL),(29,3,'16120025','2019-03-04 19:28:05',0,NULL),(30,3,'10000002','2019-03-04 19:28:36',0,NULL),(31,3,'10000004','2019-03-04 19:28:53',0,NULL),(32,3,'10000005','2019-03-04 19:29:11',0,NULL),(33,2,'16120009','2019-03-04 19:45:29',0,NULL),(41,NULL,'16122253','2019-03-04 20:34:40',1,10),(42,NULL,'16122253','2019-03-04 20:34:44',1,8),(43,6,'16122253','2019-03-04 20:38:13',0,NULL),(44,NULL,'16122253','2019-03-05 17:07:53',1,14),(45,NULL,'00000000','2019-03-05 17:10:56',1,15),(46,NULL,'00000000','2019-03-05 17:10:57',1,12),(47,NULL,'00000000','2019-03-05 17:10:59',1,13),(48,3,'16122253','2019-03-05 17:23:11',0,NULL),(49,4,'16120000','2019-03-05 18:42:34',0,NULL),(50,NULL,'16120000','2019-03-05 18:42:50',1,16),(53,10,'00000000','2019-03-05 23:42:08',0,NULL),(54,1,'16122253','2019-03-05 23:42:42',0,NULL),(56,NULL,'16122253','2019-03-05 23:42:52',1,15),(57,NULL,'16122253','2019-03-05 23:42:54',1,13),(58,NULL,'16122253','2019-03-05 23:42:56',1,17),(59,11,'16122253','2019-03-05 23:44:28',0,NULL),(60,NULL,'16122253','2019-03-05 23:44:32',1,19),(61,12,'16122253','2019-03-05 23:45:33',0,NULL),(62,NULL,'16122253','2019-03-05 23:45:52',1,20),(63,14,'10007754','2019-03-05 23:59:15',0,NULL),(65,NULL,'10007754','2019-03-05 23:59:36',1,21),(66,15,'16120003','2019-03-06 00:01:50',0,NULL),(67,NULL,'16120003','2019-03-06 00:02:01',1,22),(68,14,'16120000','2019-03-06 00:10:53',0,NULL),(69,14,'16120001','2019-03-06 00:11:18',0,NULL),(70,10,'16120003','2019-03-06 00:11:24',0,NULL),(71,4,'16120003','2019-03-06 00:11:34',0,NULL),(72,14,'16120002','2019-03-06 00:11:35',0,NULL),(73,11,'16120003','2019-03-06 00:12:01',0,NULL),(74,14,'16120003','2019-03-06 00:12:04',0,NULL),(75,14,'16120004','2019-03-06 00:12:26',0,NULL),(76,10,'16120001','2019-03-06 00:12:39',0,NULL),(77,4,'16120001','2019-03-06 00:12:46',0,NULL),(78,14,'16120005','2019-03-06 00:12:45',0,NULL),(79,11,'16120001','2019-03-06 00:13:04',0,NULL),(80,14,'16120006','2019-03-06 00:13:03',0,NULL),(81,14,'16120007','2019-03-06 00:13:22',0,NULL),(82,10,'16120005','2019-03-06 00:13:33',0,NULL),(83,4,'16120005','2019-03-06 00:13:38',0,NULL),(84,14,'16120008','2019-03-06 00:13:37',0,NULL),(85,11,'16120005','2019-03-06 00:13:47',0,NULL),(86,14,'16120010','2019-03-06 00:13:56',0,NULL),(87,12,'16120010','2019-03-06 00:14:02',0,NULL),(88,10,'16120006','2019-03-06 00:14:12',0,NULL),(89,4,'16120006','2019-03-06 00:14:18',0,NULL),(90,11,'16120006','2019-03-06 00:14:27',0,NULL),(91,12,'16120012','2019-03-06 00:14:35',0,NULL),(92,14,'16120012','2019-03-06 00:14:45',0,NULL),(93,10,'16120007','2019-03-06 00:14:50',0,NULL),(94,4,'16120007','2019-03-06 00:14:57',0,NULL),(95,11,'16120007','2019-03-06 00:15:06',0,NULL),(96,12,'16120013','2019-03-06 00:15:16',0,NULL),(97,14,'16120013','2019-03-06 00:15:22',0,NULL),(99,4,'16120008','2019-03-06 00:15:37',0,NULL),(100,12,'16120015','2019-03-06 00:15:39',0,NULL),(101,13,'16120015','2019-03-06 00:15:52',0,NULL),(102,10,'16120008','2019-03-06 00:16:10',0,NULL),(103,11,'16120008','2019-03-06 00:16:26',0,NULL),(104,14,'16120015','2019-03-06 00:16:33',0,NULL),(105,15,'16120015','2019-03-06 00:16:38',0,NULL),(106,10,'16120009','2019-03-06 00:16:50',0,NULL),(107,4,'16120009','2019-03-06 00:17:00',0,NULL),(108,13,'16120016','2019-03-06 00:17:03',0,NULL),(109,12,'16120016','2019-03-06 00:17:07',0,NULL),(110,15,'16120016','2019-03-06 00:17:15',0,NULL),(111,14,'16120016','2019-03-06 00:17:18',0,NULL),(112,11,'16120009','2019-03-06 00:17:24',0,NULL),(113,13,'16120017','2019-03-06 00:17:35',0,NULL),(114,12,'16120017','2019-03-06 00:17:39',0,NULL),(115,14,'16120017','2019-03-06 00:17:44',0,NULL),(116,15,'16120017','2019-03-06 00:17:49',0,NULL),(117,10,'16120010','2019-03-06 00:17:54',0,NULL),(118,4,'16120010','2019-03-06 00:18:00',0,NULL),(119,13,'16120018','2019-03-06 00:18:06',0,NULL),(120,11,'16120010','2019-03-06 00:18:11',0,NULL),(121,12,'16120018','2019-03-06 00:18:09',0,NULL),(122,15,'16120018','2019-03-06 00:18:18',0,NULL),(123,14,'16120018','2019-03-06 00:18:21',0,NULL),(124,10,'16120011','2019-03-06 00:18:33',0,NULL),(125,4,'16120011','2019-03-06 00:18:38',0,NULL),(126,12,'16120019','2019-03-06 00:18:39',0,NULL),(127,13,'16120019','2019-03-06 00:18:44',0,NULL),(128,11,'16120011','2019-03-06 00:18:49',0,NULL),(129,15,'16120019','2019-03-06 00:18:49',0,NULL),(130,14,'16120019','2019-03-06 00:18:53',0,NULL),(131,10,'16120012','2019-03-06 00:19:09',0,NULL),(132,4,'16120012','2019-03-06 00:19:14',0,NULL),(133,13,'16120020','2019-03-06 00:19:15',0,NULL),(134,12,'16120020','2019-03-06 00:19:20',0,NULL),(135,11,'16120012','2019-03-06 00:19:26',0,NULL),(136,15,'16120020','2019-03-06 00:19:27',0,NULL),(137,14,'16120020','2019-03-06 00:19:31',0,NULL),(138,10,'16120013','2019-03-06 00:19:48',0,NULL),(139,4,'16120013','2019-03-06 00:19:53',0,NULL),(140,11,'16120013','2019-03-06 00:20:00',0,NULL),(141,10,'16120014','2019-03-06 00:20:29',0,NULL),(142,4,'16120014','2019-03-06 00:20:33',0,NULL),(143,11,'16120014','2019-03-06 00:20:42',0,NULL),(145,4,'16120015','2019-03-06 00:21:09',0,NULL),(146,11,'16120015','2019-03-06 00:21:17',0,NULL),(147,13,'16120021','2019-03-06 00:21:29',0,NULL),(148,10,'16120015','2019-03-06 00:21:35',0,NULL),(149,12,'16120021','2019-03-06 00:21:33',0,NULL),(150,15,'16120021','2019-03-06 00:21:43',0,NULL),(151,14,'16120021','2019-03-06 00:21:48',0,NULL),(152,10,'16120016','2019-03-06 00:21:59',0,NULL),(153,4,'16120016','2019-03-06 00:22:05',0,NULL),(154,11,'16120016','2019-03-06 00:22:17',0,NULL),(155,13,'16120022','2019-03-06 00:22:21',0,NULL),(156,12,'16120022','2019-03-06 00:22:25',0,NULL),(158,15,'16120022','2019-03-06 00:22:35',0,NULL),(159,14,'16120022','2019-03-06 00:22:41',0,NULL),(160,10,'16120017','2019-03-06 00:22:46',0,NULL),(161,4,'16120017','2019-03-06 00:22:51',0,NULL),(162,13,'16120023','2019-03-06 00:23:01',0,NULL),(163,12,'16120023','2019-03-06 00:23:08',0,NULL),(164,10,'16120018','2019-03-06 00:23:13',0,NULL),(165,4,'16120018','2019-03-06 00:23:18',0,NULL),(166,15,'16120023','2019-03-06 00:23:16',0,NULL),(167,11,'16120018','2019-03-06 00:23:28',0,NULL),(168,13,'16120024','2019-03-06 00:23:34',0,NULL),(169,12,'16120024','2019-03-06 00:23:40',0,NULL),(171,15,'16120024','2019-03-06 00:23:45',0,NULL),(172,4,'16120019','2019-03-06 00:23:52',0,NULL),(173,15,'16120025','2019-03-06 00:24:02',0,NULL),(174,11,'16120019','2019-03-06 00:24:05',0,NULL),(175,13,'16120025','2019-03-06 00:24:09',0,NULL),(176,12,'16120025','2019-03-06 00:24:13',0,NULL),(177,10,'16120025','2019-03-06 00:24:19',0,NULL),(178,10,'16120019','2019-03-06 00:24:22',0,NULL),(179,10,'16120020','2019-03-06 00:24:38',0,NULL),(180,4,'16120020','2019-03-06 00:24:43',0,NULL),(181,13,'16122075','2019-03-06 00:24:55',0,NULL),(182,11,'16120020','2019-03-06 00:24:59',0,NULL),(183,12,'16122075','2019-03-06 00:25:01',0,NULL),(184,15,'16122075','2019-03-06 00:25:06',0,NULL),(185,10,'16120021','2019-03-06 00:25:17',0,NULL),(186,4,'16120021','2019-03-06 00:25:21',0,NULL),(187,11,'16120021','2019-03-06 00:25:30',0,NULL),(188,10,'16120022','2019-03-06 00:25:48',0,NULL),(189,13,'16122160','2019-03-06 00:25:49',0,NULL),(190,4,'16120022','2019-03-06 00:25:52',0,NULL),(191,12,'16122160','2019-03-06 00:25:54',0,NULL),(192,15,'16122160','2019-03-06 00:26:00',0,NULL),(193,11,'16120022','2019-03-06 00:26:05',0,NULL),(194,13,'16122253','2019-03-06 00:26:17',0,NULL),(195,15,'16122253','2019-03-06 00:26:27',0,NULL),(196,10,'16120023','2019-03-06 00:26:38',0,NULL),(197,2,'16122253','2019-03-06 00:26:39',0,NULL),(198,4,'16120023','2019-03-06 00:26:44',0,NULL),(199,11,'16120023','2019-03-06 00:26:55',0,NULL),(200,13,'16120001','2019-03-06 00:27:16',0,NULL),(201,12,'16120001','2019-03-06 00:27:19',0,NULL),(202,13,'16120002','2019-03-06 00:27:56',0,NULL),(203,12,'16120002','2019-03-06 00:27:59',0,NULL),(204,15,'16120002','2019-03-06 00:28:07',0,NULL),(205,13,'16120005','2019-03-06 00:30:27',0,NULL),(206,12,'16120005','2019-03-06 00:30:30',0,NULL),(207,15,'16120005','2019-03-06 00:30:35',0,NULL),(208,13,'16120006','2019-03-06 00:30:49',0,NULL),(209,12,'16120006','2019-03-06 00:30:55',0,NULL),(210,15,'16120006','2019-03-06 00:31:00',0,NULL),(211,13,'16120007','2019-03-06 00:31:15',0,NULL),(212,15,'16120007','2019-03-06 00:31:26',0,NULL),(213,13,'10000001','2019-03-06 00:31:40',0,NULL),(214,15,'10000001','2019-03-06 00:31:45',0,NULL),(215,13,'10000004','2019-03-06 00:31:59',0,NULL),(216,15,'10000004','2019-03-06 00:32:04',0,NULL),(217,4,'16122530','2019-03-06 08:34:40',0,NULL),(218,17,'16122253','2019-03-06 15:36:04',0,NULL),(219,NULL,'16122253','2019-03-08 18:47:22',1,18);
/*!40000 ALTER TABLE `Likes` ENABLE KEYS */;
UNLOCK TABLES;

--
-- Table structure for table `Lostlist`
--

DROP TABLE IF EXISTS `Lostlist`;
/*!40101 SET @saved_cs_client     = @@character_set_client */;
/*!40101 SET character_set_client = utf8 */;
CREATE TABLE `Lostlist` (
  `id` int(11) NOT NULL AUTO_INCREMENT,
  `puller` varchar(45) NOT NULL,
  `title` varchar(45) NOT NULL,
  `content` varchar(500) NOT NULL,
  `time` datetime NOT NULL,
  `picture` blob,
  PRIMARY KEY (`id`)
) ENGINE=InnoDB AUTO_INCREMENT=16 DEFAULT CHARSET=utf8;
/*!40101 SET character_set_client = @saved_cs_client */;

--
-- Dumping data for table `Lostlist`
--

LOCK TABLES `Lostlist` WRITE;
/*!40000 ALTER TABLE `Lostlist` DISABLE KEYS */;
INSERT INTO `Lostlist` VALUES (1,'16122160','电脑充电器丢失，求助！！！','QQ：1299026272','2019-03-04 15:07:24',NULL),(5,'16122277','lalalalllala','11111111111','2019-03-05 19:27:09',NULL),(9,'10007754','我的水杯不见了','22222222222','2019-03-05 23:57:24',NULL);
/*!40000 ALTER TABLE `Lostlist` ENABLE KEYS */;
UNLOCK TABLES;

--
-- Table structure for table `Managers`
--

DROP TABLE IF EXISTS `Managers`;
/*!40101 SET @saved_cs_client     = @@character_set_client */;
/*!40101 SET character_set_client = utf8 */;
CREATE TABLE `Managers` (
  `id` varchar(45) NOT NULL,
  `password` varchar(45) NOT NULL
) ENGINE=InnoDB DEFAULT CHARSET=utf8;
/*!40101 SET character_set_client = @saved_cs_client */;

--
-- Dumping data for table `Managers`
--

LOCK TABLES `Managers` WRITE;
/*!40000 ALTER TABLE `Managers` DISABLE KEYS */;
INSERT INTO `Managers` VALUES ('00000000','iamgod');
/*!40000 ALTER TABLE `Managers` ENABLE KEYS */;
UNLOCK TABLES;

--
-- Table structure for table `Notices`
--

DROP TABLE IF EXISTS `Notices`;
/*!40101 SET @saved_cs_client     = @@character_set_client */;
/*!40101 SET character_set_client = utf8 */;
CREATE TABLE `Notices` (
  `id` int(11) NOT NULL AUTO_INCREMENT,
  `puller` varchar(45) NOT NULL,
  `title` varchar(45) NOT NULL,
  `content` varchar(500) NOT NULL,
  `type` int(11) NOT NULL,
  `time` datetime NOT NULL,
  PRIMARY KEY (`id`)
) ENGINE=InnoDB AUTO_INCREMENT=17 DEFAULT CHARSET=utf8;
/*!40101 SET character_set_client = @saved_cs_client */;

--
-- Dumping data for table `Notices`
--

LOCK TABLES `Notices` WRITE;
/*!40000 ALTER TABLE `Notices` DISABLE KEYS */;
INSERT INTO `Notices` VALUES (1,'16122160','电脑充电器丢失，求助！！！','本人的电脑充电器遗失在东区计算机大楼504，是一个黑色的三星充电器，请看到的朋友能够帮忙告知，谢谢！',3,'2019-03-04 15:07:24'),(3,'00000000','管理员提示','大家不要发无关信息',1,'2019-03-04 20:43:52'),(5,'16122277','丢失一卡通一张','姓名：张三，丢在D楼',3,'2019-03-05 19:27:09'),(6,'00000000','本周五放假','本周五不上学',2,'2019-03-05 15:52:26'),(7,'00000000','本周六上周五的课','周六要来上学哦',2,'2019-03-05 14:53:30'),(8,'00000000','大家不要灌水','大家不要灌水',1,'2019-03-04 15:54:45'),(9,'10007754','我的水杯不见了','在D222，有没有看见水杯一只，粉红色的。',3,'2019-03-05 23:57:24');
/*!40000 ALTER TABLE `Notices` ENABLE KEYS */;
UNLOCK TABLES;

--
-- Table structure for table `Private_Charts`
--

DROP TABLE IF EXISTS `Private_Charts`;
/*!40101 SET @saved_cs_client     = @@character_set_client */;
/*!40101 SET character_set_client = utf8 */;
CREATE TABLE `Private_Charts` (
  `id` int(11) NOT NULL AUTO_INCREMENT,
  `sender` varchar(45) NOT NULL,
  `receiver` varchar(45) NOT NULL,
  `title` varchar(45) NOT NULL,
  `content` varchar(500) NOT NULL,
  `send_time` datetime NOT NULL,
  `state` int(11) NOT NULL,
  PRIMARY KEY (`id`)
) ENGINE=InnoDB AUTO_INCREMENT=15 DEFAULT CHARSET=utf8;
/*!40101 SET character_set_client = @saved_cs_client */;

--
-- Dumping data for table `Private_Charts`
--

LOCK TABLES `Private_Charts` WRITE;
/*!40000 ALTER TABLE `Private_Charts` DISABLE KEYS */;
INSERT INTO `Private_Charts` VALUES (1,'16122160','16122075','出大事了！','快给我的帖子点个赞吧！！！','2019-03-04 20:06:55',1),(2,'16122253','16122075','不过的风格','服务费违法','2019-03-04 20:39:37',1),(3,'16122253','16122075','幅度分割','二二翁热无','2019-03-04 20:40:06',1),(4,'16122253','16122075','????','??????????','2019-03-05 17:08:12',1),(5,'16122253','16122160','fdsfsfs','sfdfsfs','2019-03-05 17:27:35',0),(6,'16122253','16120000','你是谁？？？','你是谁啊？？？','2019-03-05 18:38:50',0),(7,'16120000','16122253','我是同学A','我是同学A','2019-03-05 18:42:01',0),(8,'16122253','16120001','身份使得发生的发生的','身份是非得失','2019-03-05 18:50:05',0),(9,'16122253','10000001','老师您好','老师您好','2019-03-05 19:22:42',0),(10,'10000001','16122253','同学好','同学好','2019-03-05 19:23:41',0),(11,'16120003','16122253','同学你好','我是同学D','2019-03-06 00:30:54',0),(12,'16122530','16122253','唐雨琪 您好','您好','2019-03-06 08:34:02',0),(13,'16122253','16120000','同学好，测试私信','测试私信','2019-03-06 14:46:22',0),(14,'16122253','16120000','同学你好 我是唐雨琪','你好','2019-03-06 15:36:42',0);
/*!40000 ALTER TABLE `Private_Charts` ENABLE KEYS */;
UNLOCK TABLES;

--
-- Table structure for table `Tag_Users`
--

DROP TABLE IF EXISTS `Tag_Users`;
/*!40101 SET @saved_cs_client     = @@character_set_client */;
/*!40101 SET character_set_client = utf8 */;
CREATE TABLE `Tag_Users` (
  `id` int(11) NOT NULL AUTO_INCREMENT,
  `user` varchar(45) NOT NULL,
  `tag` int(11) NOT NULL,
  `extent` int(11) NOT NULL,
  PRIMARY KEY (`id`)
) ENGINE=InnoDB AUTO_INCREMENT=153 DEFAULT CHARSET=utf8;
/*!40101 SET character_set_client = @saved_cs_client */;

--
-- Dumping data for table `Tag_Users`
--

LOCK TABLES `Tag_Users` WRITE;
/*!40000 ALTER TABLE `Tag_Users` DISABLE KEYS */;
INSERT INTO `Tag_Users` VALUES (1,'16122075',1,3),(2,'16122075',2,6),(3,'16122075',3,4),(4,'16122075',4,2),(5,'16122160',1,4),(6,'16122160',2,0),(7,'16122160',3,4),(8,'16122160',4,2),(9,'00000000',1,18),(10,'00000000',2,0),(11,'00000000',3,0),(12,'00000000',4,0),(13,'16120000',1,13),(14,'16120000',2,2),(15,'16120000',3,0),(16,'16120000',4,2),(17,'16120001',1,4),(18,'16120001',2,4),(19,'16120001',3,4),(20,'16120001',4,2),(21,'16120002',1,0),(22,'16120002',2,5),(23,'16120002',3,4),(24,'16120002',4,4),(25,'16120003',1,4),(26,'16120003',2,4),(27,'16120003',3,4),(28,'16120003',4,8),(29,'16120004',1,0),(30,'16120004',2,2),(31,'16120004',3,0),(32,'16120004',4,2),(33,'16120005',1,4),(34,'16120005',2,4),(35,'16120005',3,4),(36,'16120005',4,4),(37,'16120006',1,4),(38,'16120006',2,4),(39,'16120006',3,4),(40,'16120006',4,4),(41,'16120007',1,8),(42,'16120007',2,4),(43,'16120007',3,2),(44,'16120007',4,4),(45,'16120008',1,4),(46,'16120008',2,4),(47,'16120008',3,0),(48,'16120008',4,2),(49,'16120009',1,7),(50,'16120009',2,9),(51,'16120009',3,0),(52,'16120009',4,7),(53,'16120010',1,4),(54,'16120010',2,4),(55,'16120010',3,2),(56,'16120010',4,2),(57,'16120011',1,4),(58,'16120011',2,4),(59,'16120011',3,0),(60,'16120011',4,0),(61,'16120012',1,4),(62,'16120012',2,4),(63,'16120012',3,2),(64,'16120012',4,2),(65,'16120013',1,4),(66,'16120013',2,4),(67,'16120013',3,2),(68,'16120013',4,2),(69,'16120014',1,4),(70,'16120014',2,4),(71,'16120014',3,0),(72,'16120014',4,0),(73,'16120015',1,4),(74,'16120015',2,4),(75,'16120015',3,7),(76,'16120015',4,4),(77,'16120016',1,4),(78,'16120016',2,4),(79,'16120016',3,4),(80,'16120016',4,4),(81,'16120017',1,4),(82,'16120017',2,2),(83,'16120017',3,4),(84,'16120017',4,4),(85,'16120018',1,4),(86,'16120018',2,4),(87,'16120018',3,4),(88,'16120018',4,4),(89,'16120019',1,4),(90,'16120019',2,4),(91,'16120019',3,4),(92,'16120019',4,4),(93,'16120020',1,4),(94,'16120020',2,4),(95,'16120020',3,4),(96,'16120020',4,4),(97,'16120021',1,4),(98,'16120021',2,4),(99,'16120021',3,4),(100,'16120021',4,4),(101,'16120022',1,4),(102,'16120022',2,4),(103,'16120022',3,4),(104,'16120022',4,4),(105,'16120023',1,4),(106,'16120023',2,4),(107,'16120023',3,4),(108,'16120023',4,2),(109,'16120024',1,0),(110,'16120024',2,2),(111,'16120024',3,4),(112,'16120024',4,2),(113,'16120025',1,2),(114,'16120025',2,2),(115,'16120025',3,4),(116,'16120025',4,2),(117,'10000001',1,0),(118,'10000001',2,10),(119,'10000001',3,2),(120,'10000001',4,2),(121,'10000002',1,0),(122,'10000002',2,2),(123,'10000002',3,0),(124,'10000002',4,0),(125,'10000003',1,0),(126,'10000003',2,0),(127,'10000003',3,0),(128,'10000003',4,0),(129,'10000004',1,0),(130,'10000004',2,2),(131,'10000004',3,2),(132,'10000004',4,2),(133,'10000005',1,0),(134,'10000005',2,2),(135,'10000005',3,0),(136,'10000005',4,0),(137,'16122253',1,5),(138,'16122253',2,41),(139,'16122253',3,25),(140,'16122253',4,6),(141,'16122277',1,0),(142,'16122277',2,3),(143,'16122277',3,0),(144,'16122277',4,0),(145,'10007754',1,0),(146,'10007754',2,0),(147,'10007754',3,0),(148,'10007754',4,14),(149,'16122530',1,2),(150,'16122530',2,0),(151,'16122530',3,0),(152,'16122530',4,0);
/*!40000 ALTER TABLE `Tag_Users` ENABLE KEYS */;
UNLOCK TABLES;

--
-- Table structure for table `Tags`
--

DROP TABLE IF EXISTS `Tags`;
/*!40101 SET @saved_cs_client     = @@character_set_client */;
/*!40101 SET character_set_client = utf8 */;
CREATE TABLE `Tags` (
  `id` int(11) NOT NULL AUTO_INCREMENT,
  `content` varchar(45) NOT NULL,
  PRIMARY KEY (`id`)
) ENGINE=InnoDB AUTO_INCREMENT=5 DEFAULT CHARSET=utf8;
/*!40101 SET character_set_client = @saved_cs_client */;

--
-- Dumping data for table `Tags`
--

LOCK TABLES `Tags` WRITE;
/*!40000 ALTER TABLE `Tags` DISABLE KEYS */;
INSERT INTO `Tags` VALUES (1,'体育'),(2,'学术'),(3,'音乐'),(4,'游戏');
/*!40000 ALTER TABLE `Tags` ENABLE KEYS */;
UNLOCK TABLES;

--
-- Table structure for table `Unlock_Apply`
--

DROP TABLE IF EXISTS `Unlock_Apply`;
/*!40101 SET @saved_cs_client     = @@character_set_client */;
/*!40101 SET character_set_client = utf8 */;
CREATE TABLE `Unlock_Apply` (
  `id` int(11) NOT NULL AUTO_INCREMENT,
  `applyer` varchar(45) NOT NULL,
  `type` int(11) NOT NULL,
  `title` varchar(45) NOT NULL,
  `content` varchar(500) NOT NULL,
  `time` datetime NOT NULL,
  PRIMARY KEY (`id`)
) ENGINE=InnoDB AUTO_INCREMENT=4 DEFAULT CHARSET=utf8;
/*!40101 SET character_set_client = @saved_cs_client */;

--
-- Dumping data for table `Unlock_Apply`
--

LOCK TABLES `Unlock_Apply` WRITE;
/*!40000 ALTER TABLE `Unlock_Apply` DISABLE KEYS */;
INSERT INTO `Unlock_Apply` VALUES (1,'16122253',1,'热热翁人','无污染翁人','2019-03-04 20:47:52'),(2,'16122253',1,'jkj','dsd','2019-03-05 17:36:18'),(3,'16122253',1,'dfsfs','sfsd','2019-03-05 17:37:38');
/*!40000 ALTER TABLE `Unlock_Apply` ENABLE KEYS */;
UNLOCK TABLES;

--
-- Table structure for table `Users`
--

DROP TABLE IF EXISTS `Users`;
/*!40101 SET @saved_cs_client     = @@character_set_client */;
/*!40101 SET character_set_client = utf8 */;
CREATE TABLE `Users` (
  `id` varchar(45) NOT NULL,
  `name` varchar(45) NOT NULL,
  `identity` int(11) NOT NULL,
  `banType` int(11) DEFAULT NULL,
  `banState` int(11) DEFAULT NULL,
  `banReason` varchar(45) DEFAULT NULL,
  `banStart` datetime DEFAULT NULL,
  `banEnd` datetime DEFAULT NULL,
  `coins` int(11) NOT NULL DEFAULT '0',
  `password` varchar(45) NOT NULL,
  PRIMARY KEY (`id`)
) ENGINE=InnoDB DEFAULT CHARSET=utf8;
/*!40101 SET character_set_client = @saved_cs_client */;

--
-- Dumping data for table `Users`
--

LOCK TABLES `Users` WRITE;
/*!40000 ALTER TABLE `Users` DISABLE KEYS */;
INSERT INTO `Users` VALUES ('00000000','管理员一',3,0,0,NULL,NULL,NULL,10,'iamgod'),('10000001','教师A',1,2,1,'虚假任务','2019-03-05 15:31:56','2019-03-14 00:00:00',0,'123456'),('10000002','教师B',1,0,0,NULL,NULL,NULL,0,'123456'),('10000003','教师C',1,0,0,NULL,NULL,NULL,10,'123456'),('10000004','教师D',1,2,1,'长得太丑了','2019-03-04 23:01:08','2020-12-08 00:00:00',0,'123456'),('10000005','教师E',1,0,0,NULL,NULL,NULL,0,'123456'),('10007754','Sunny',1,0,0,NULL,NULL,NULL,0,'757631'),('16120000','同学A',2,0,0,NULL,NULL,NULL,20,'123456'),('16120001','同学B',2,0,0,NULL,NULL,NULL,40,'123456'),('16120002','同学C',2,2,1,'123','2019-03-05 16:35:37','2019-04-04 00:00:00',0,'123456'),('16120003','同学D',2,0,0,NULL,NULL,NULL,30,'123456'),('16120004','同学E',2,0,0,NULL,NULL,NULL,0,'123456'),('16120005','同学F',2,0,0,NULL,NULL,NULL,0,'123456'),('16120006','同学G',2,0,0,NULL,NULL,NULL,0,'123456'),('16120007','同学H',2,2,1,'乱说话','2019-03-05 17:09:55','2019-03-07 00:00:00',0,'123456'),('16120008','同学I',2,0,0,NULL,NULL,NULL,0,'123456'),('16120009','同学J',2,0,0,NULL,NULL,NULL,0,'123456'),('16120010','同学K',2,0,0,NULL,NULL,NULL,0,'123456'),('16120011','同学L',2,0,0,NULL,NULL,NULL,20,'123456'),('16120012','同学M',2,0,0,NULL,NULL,NULL,0,'123456'),('16120013','同学N',2,0,0,NULL,NULL,NULL,0,'123456'),('16120014','同学O',2,0,0,NULL,NULL,NULL,0,'123456'),('16120015','同学P',2,0,0,NULL,NULL,NULL,0,'123456'),('16120016','同学Q',2,0,0,NULL,NULL,NULL,0,'123456'),('16120017','同学R',2,0,0,NULL,NULL,NULL,0,'123456'),('16120018','同学S',2,0,0,NULL,NULL,NULL,0,'123456'),('16120019','同学T',2,0,0,NULL,NULL,NULL,0,'123456'),('16120020','同学U',2,0,0,NULL,NULL,NULL,0,'123456'),('16120021','任务发布人',2,0,0,NULL,NULL,NULL,10,'123456'),('16120022','同学W',2,0,0,NULL,NULL,NULL,0,'123456'),('16120023','同学X',2,0,0,NULL,NULL,NULL,0,'123456'),('16120024','同学Y',2,0,0,NULL,NULL,NULL,0,'123456'),('16120025','同学Z',2,0,0,NULL,NULL,NULL,0,'123456'),('16122075','李睿祺',2,0,0,NULL,NULL,NULL,0,'123456'),('16122160','曾灵灵',2,0,0,NULL,NULL,NULL,0,'12271108'),('16122253','唐雨琪',2,0,0,'fgdfg','2019-03-06 15:38:30','2019-03-29 00:00:00',60,'Tangyuqi1a'),('16122277','鄢琳骏',2,0,0,NULL,NULL,NULL,0,'123456'),('16122530','马逸斐',2,0,0,NULL,NULL,NULL,20,'123456');
/*!40000 ALTER TABLE `Users` ENABLE KEYS */;
UNLOCK TABLES;

--
-- Table structure for table `Views`
--

DROP TABLE IF EXISTS `Views`;
/*!40101 SET @saved_cs_client     = @@character_set_client */;
/*!40101 SET character_set_client = utf8 */;
CREATE TABLE `Views` (
  `id` int(11) NOT NULL AUTO_INCREMENT,
  `title` varchar(45) NOT NULL,
  `content` varchar(500) NOT NULL,
  `time` datetime NOT NULL,
  `puller` varchar(45) NOT NULL,
  `tags` int(11) NOT NULL,
  PRIMARY KEY (`id`)
) ENGINE=InnoDB AUTO_INCREMENT=18 DEFAULT CHARSET=utf8;
/*!40101 SET character_set_client = @saved_cs_client */;

--
-- Dumping data for table `Views`
--

LOCK TABLES `Views` WRITE;
/*!40000 ALTER TABLE `Views` DISABLE KEYS */;
INSERT INTO `Views` VALUES (1,'晨跑次数求助','请问本学期最后一周的晨跑次数是否已经被记入微信系统中？我在周三晨跑之后晨跑次数一直没有录入系统。会不会晨跑刷卡没有成功？','2019-03-04 15:09:59','16122160',1),(2,'Java程序设计了解一下','安利一波Java程序设计这门课程，没有期末考，谁上谁知道！！！机不可失！！！','2019-03-04 18:16:43','16122075',2),(3,'项目组招收本科同学','近期为了准备项目A，需要3名有能力精通web技术的同学来参加，有兴趣的可以私信联系我。\n对于拥有项目经验的同学优先录取！！！','2019-03-04 18:20:32','10000001',2),(4,'有一起打篮球的吗','明天下午约篮球课外一波？？','2019-03-04 19:42:57','16120007',1),(5,'这是你没有玩过的全新版本','成龙亲自代言，亲测好玩，还能免费赚外快，等待你的加入！！！！！','2019-03-04 19:52:42','16120009',4),(8,'sdgd','xcvx','2019-03-05 15:33:02','10000001',2),(9,'有没有一起刷课外的','同上','2019-03-05 18:45:07','16120000',1),(10,'管理员提醒：请大家注意发帖秩序','大家注意发帖秩序','2019-03-05 23:41:50','00000000',1),(11,'ACM是什么？求带','如题，本人想参加ACM队伍','2019-03-05 23:44:05','16122253',2),(12,'有没有同学喜欢听爵士的？','下周可以一起去听爵士音乐会','2019-03-05 23:45:17','16122253',3),(13,'本周五，伟长楼演唱会，放票啦！！！','欢迎大家取票！！！！','2019-03-05 23:46:46','16122253',3),(14,'有没有小伙伴这周末一起吃鸡','吃鸡小分队活动啦！！！','2019-03-05 23:59:00','10007754',4),(15,'王者荣耀！求带！','求带！！！！！','2019-03-06 00:01:15','10007754',4),(16,'街舞社活动','欢迎大家本周五来参加街舞社活动','2019-03-06 00:03:54','16120003',3);
/*!40000 ALTER TABLE `Views` ENABLE KEYS */;
UNLOCK TABLES;
/*!40103 SET TIME_ZONE=@OLD_TIME_ZONE */;

/*!40101 SET SQL_MODE=@OLD_SQL_MODE */;
/*!40014 SET FOREIGN_KEY_CHECKS=@OLD_FOREIGN_KEY_CHECKS */;
/*!40014 SET UNIQUE_CHECKS=@OLD_UNIQUE_CHECKS */;
/*!40101 SET CHARACTER_SET_CLIENT=@OLD_CHARACTER_SET_CLIENT */;
/*!40101 SET CHARACTER_SET_RESULTS=@OLD_CHARACTER_SET_RESULTS */;
/*!40101 SET COLLATION_CONNECTION=@OLD_COLLATION_CONNECTION */;
/*!40111 SET SQL_NOTES=@OLD_SQL_NOTES */;

-- Dump completed on 2019-03-13 18:50:55
