<?xml version="1.0" encoding="UTF-8" ?>
<!DOCTYPE mapper PUBLIC "-//mybatis.org//DTD Mapper 3.0//EN" "http://mybatis.org/dtd/mybatis-3-mapper.dtd" >
<mapper namespace="com.example.demo.dao.Ban_ReasonsMapper" >
  <resultMap id="BaseResultMap" type="com.example.demo.model.entity.Ban_Reasons" >
    <id column="id" property="id" jdbcType="INTEGER" />
    <result column="banned_id" property="bannedId" jdbcType="VARCHAR" />
    <result column="alarm_id" property="alarmId" jdbcType="INTEGER" />
  </resultMap>
  <sql id="Example_Where_Clause" >
    <where >
      <foreach collection="oredCriteria" item="criteria" separator="or" >
        <if test="criteria.valid" >
          <trim prefix="(" suffix=")" prefixOverrides="and" >
            <foreach collection="criteria.criteria" item="criterion" >
              <choose >
                <when test="criterion.noValue" >
                  and ${criterion.condition}
                </when>
                <when test="criterion.singleValue" >
                  and ${criterion.condition} #{criterion.value}
                </when>
                <when test="criterion.betweenValue" >
                  and ${criterion.condition} #{criterion.value} and #{criterion.secondValue}
                </when>
                <when test="criterion.listValue" >
                  and ${criterion.condition}
                  <foreach collection="criterion.value" item="listItem" open="(" close=")" separator="," >
                    #{listItem}
                  </foreach>
                </when>
              </choose>
            </foreach>
          </trim>
        </if>
      </foreach>
    </where>
  </sql>
  <sql id="Update_By_Example_Where_Clause" >
    <where >
      <foreach collection="example.oredCriteria" item="criteria" separator="or" >
        <if test="criteria.valid" >
          <trim prefix="(" suffix=")" prefixOverrides="and" >
            <foreach collection="criteria.criteria" item="criterion" >
              <choose >
                <when test="criterion.noValue" >
                  and ${criterion.condition}
                </when>
                <when test="criterion.singleValue" >
                  and ${criterion.condition} #{criterion.value}
                </when>
                <when test="criterion.betweenValue" >
                  and ${criterion.condition} #{criterion.value} and #{criterion.secondValue}
                </when>
                <when test="criterion.listValue" >
                  and ${criterion.condition}
                  <foreach collection="criterion.value" item="listItem" open="(" close=")" separator="," >
                    #{listItem}
                  </foreach>
                </when>
              </choose>
            </foreach>
          </trim>
        </if>
      </foreach>
    </where>
  </sql>
  <sql id="Base_Column_List" >
    id, banned_id, alarm_id
  </sql>
  <select id="selectByExample" resultMap="BaseResultMap" parameterType="com.example.demo.model.entity.Ban_ReasonsExample" >
    select
    <if test="distinct" >
      distinct
    </if>
    'true' as QUERYID,
    <include refid="Base_Column_List" />
    from Ban_Reasons
    <if test="_parameter != null" >
      <include refid="Example_Where_Clause" />
    </if>
    <if test="orderByClause != null" >
      order by ${orderByClause}
    </if>
  </select>
  <select id="selectByPrimaryKey" resultMap="BaseResultMap" parameterType="java.lang.Integer" >
    select 
    <include refid="Base_Column_List" />
    from Ban_Reasons
    where id = #{id,jdbcType=INTEGER}
  </select>
  <delete id="deleteByPrimaryKey" parameterType="java.lang.Integer" >
    delete from Ban_Reasons
    where id = #{id,jdbcType=INTEGER}
  </delete>
  <delete id="deleteByExample" parameterType="com.example.demo.model.entity.Ban_ReasonsExample" >
    delete from Ban_Reasons
    <if test="_parameter != null" >
      <include refid="Example_Where_Clause" />
    </if>
  </delete>
  <insert id="insert" parameterType="com.example.demo.model.entity.Ban_Reasons" >
    insert into Ban_Reasons (id, banned_id, alarm_id
      )
    values (#{id,jdbcType=INTEGER}, #{bannedId,jdbcType=VARCHAR}, #{alarmId,jdbcType=INTEGER}
      )
  </insert>
  <insert id="insertSelective" parameterType="com.example.demo.model.entity.Ban_Reasons" >
    insert into Ban_Reasons
    <trim prefix="(" suffix=")" suffixOverrides="," >
      <if test="id != null" >
        id,
      </if>
      <if test="bannedId != null" >
        banned_id,
      </if>
      <if test="alarmId != null" >
        alarm_id,
      </if>
    </trim>
    <trim prefix="values (" suffix=")" suffixOverrides="," >
      <if test="id != null" >
        #{id,jdbcType=INTEGER},
      </if>
      <if test="bannedId != null" >
        #{bannedId,jdbcType=VARCHAR},
      </if>
      <if test="alarmId != null" >
        #{alarmId,jdbcType=INTEGER},
      </if>
    </trim>
  </insert>
  <select id="countByExample" parameterType="com.example.demo.model.entity.Ban_ReasonsExample" resultType="java.lang.Integer" >
    select count(*) from Ban_Reasons
    <if test="_parameter != null" >
      <include refid="Example_Where_Clause" />
    </if>
  </select>
  <update id="updateByExampleSelective" parameterType="map" >
    update Ban_Reasons
    <set >
      <if test="record.id != null" >
        id = #{record.id,jdbcType=INTEGER},
      </if>
      <if test="record.bannedId != null" >
        banned_id = #{record.bannedId,jdbcType=VARCHAR},
      </if>
      <if test="record.alarmId != null" >
        alarm_id = #{record.alarmId,jdbcType=INTEGER},
      </if>
    </set>
    <if test="_parameter != null" >
      <include refid="Update_By_Example_Where_Clause" />
    </if>
  </update>
  <update id="updateByExample" parameterType="map" >
    update Ban_Reasons
    set id = #{record.id,jdbcType=INTEGER},
      banned_id = #{record.bannedId,jdbcType=VARCHAR},
      alarm_id = #{record.alarmId,jdbcType=INTEGER}
    <if test="_parameter != null" >
      <include refid="Update_By_Example_Where_Clause" />
    </if>
  </update>
  <update id="updateByPrimaryKeySelective" parameterType="com.example.demo.model.entity.Ban_Reasons" >
    update Ban_Reasons
    <set >
      <if test="bannedId != null" >
        banned_id = #{bannedId,jdbcType=VARCHAR},
      </if>
      <if test="alarmId != null" >
        alarm_id = #{alarmId,jdbcType=INTEGER},
      </if>
    </set>
    where id = #{id,jdbcType=INTEGER}
  </update>
  <update id="updateByPrimaryKey" parameterType="com.example.demo.model.entity.Ban_Reasons" >
    update Ban_Reasons
    set banned_id = #{bannedId,jdbcType=VARCHAR},
      alarm_id = #{alarmId,jdbcType=INTEGER}
    where id = #{id,jdbcType=INTEGER}
  </update>
</mapper>