<?xml version="1.0" encoding="UTF-8" ?>
<!DOCTYPE mapper PUBLIC "-//mybatis.org//DTD Mapper 3.0//EN" "http://mybatis.org/dtd/mybatis-3-mapper.dtd" >
<mapper namespace="com.example.demo.dao.HelpMapper" >
  <resultMap id="BaseResultMap" type="com.example.demo.model.entity.Help" >
    <id column="id" property="id" jdbcType="INTEGER" />
    <result column="puller" property="puller" jdbcType="VARCHAR" />
    <result column="title" property="title" jdbcType="VARCHAR" />
    <result column="content" property="content" jdbcType="VARCHAR" />
    <result column="start_time" property="startTime" jdbcType="TIMESTAMP" />
    <result column="end_time" property="endTime" jdbcType="TIMESTAMP" />
    <result column="state" property="state" jdbcType="INTEGER" />
    <result column="receiver" property="receiver" jdbcType="VARCHAR" />
    <result column="pusher_phone" property="pusherPhone" jdbcType="VARCHAR" />
    <result column="receiver_phone" property="receiverPhone" jdbcType="VARCHAR" />
    <result column="others" property="others" jdbcType="VARCHAR" />
  </resultMap>
  <sql id="Example_Where_Clause" >
    <where >
      <foreach collection="oredCriteria" item="criteria" separator="or" >
        <if test="criteria.valid" >
          <trim prefix="(" suffix=")" prefixOverrides="and" >
            <foreach collection="criteria.criteria" item="criterion" >
              <choose >
                <when test="criterion.noValue" >
                  and ${criterion.condition}
                </when>
                <when test="criterion.singleValue" >
                  and ${criterion.condition} #{criterion.value}
                </when>
                <when test="criterion.betweenValue" >
                  and ${criterion.condition} #{criterion.value} and #{criterion.secondValue}
                </when>
                <when test="criterion.listValue" >
                  and ${criterion.condition}
                  <foreach collection="criterion.value" item="listItem" open="(" close=")" separator="," >
                    #{listItem}
                  </foreach>
                </when>
              </choose>
            </foreach>
          </trim>
        </if>
      </foreach>
    </where>
  </sql>
  <sql id="Update_By_Example_Where_Clause" >
    <where >
      <foreach collection="example.oredCriteria" item="criteria" separator="or" >
        <if test="criteria.valid" >
          <trim prefix="(" suffix=")" prefixOverrides="and" >
            <foreach collection="criteria.criteria" item="criterion" >
              <choose >
                <when test="criterion.noValue" >
                  and ${criterion.condition}
                </when>
                <when test="criterion.singleValue" >
                  and ${criterion.condition} #{criterion.value}
                </when>
                <when test="criterion.betweenValue" >
                  and ${criterion.condition} #{criterion.value} and #{criterion.secondValue}
                </when>
                <when test="criterion.listValue" >
                  and ${criterion.condition}
                  <foreach collection="criterion.value" item="listItem" open="(" close=")" separator="," >
                    #{listItem}
                  </foreach>
                </when>
              </choose>
            </foreach>
          </trim>
        </if>
      </foreach>
    </where>
  </sql>
  <sql id="Base_Column_List" >
    id, puller, title, content, start_time, end_time, state, receiver, pusher_phone, 
    receiver_phone, others
  </sql>
  <select id="selectByExample" resultMap="BaseResultMap" parameterType="com.example.demo.model.entity.HelpExample" >
    select
    <if test="distinct" >
      distinct
    </if>
    'true' as QUERYID,
    <include refid="Base_Column_List" />
    from Help
    <if test="_parameter != null" >
      <include refid="Example_Where_Clause" />
    </if>
    <if test="orderByClause != null" >
      order by ${orderByClause}
    </if>
  </select>
  <select id="selectByPrimaryKey" resultMap="BaseResultMap" parameterType="java.lang.Integer" >
    select 
    <include refid="Base_Column_List" />
    from Help
    where id = #{id,jdbcType=INTEGER}
  </select>
  <delete id="deleteByPrimaryKey" parameterType="java.lang.Integer" >
    delete from Help
    where id = #{id,jdbcType=INTEGER}
  </delete>
  <delete id="deleteByExample" parameterType="com.example.demo.model.entity.HelpExample" >
    delete from Help
    <if test="_parameter != null" >
      <include refid="Example_Where_Clause" />
    </if>
  </delete>
  <insert id="insert" parameterType="com.example.demo.model.entity.Help" >
    insert into Help (id, puller, title, 
      content, start_time, end_time, 
      state, receiver, pusher_phone, 
      receiver_phone, others)
    values (#{id,jdbcType=INTEGER}, #{puller,jdbcType=VARCHAR}, #{title,jdbcType=VARCHAR}, 
      #{content,jdbcType=VARCHAR}, #{startTime,jdbcType=TIMESTAMP}, #{endTime,jdbcType=TIMESTAMP}, 
      #{state,jdbcType=INTEGER}, #{receiver,jdbcType=VARCHAR}, #{pusherPhone,jdbcType=VARCHAR}, 
      #{receiverPhone,jdbcType=VARCHAR}, #{others,jdbcType=VARCHAR})
  </insert>
  <insert id="insertSelective" parameterType="com.example.demo.model.entity.Help" >
    insert into Help
    <trim prefix="(" suffix=")" suffixOverrides="," >
      <if test="id != null" >
        id,
      </if>
      <if test="puller != null" >
        puller,
      </if>
      <if test="title != null" >
        title,
      </if>
      <if test="content != null" >
        content,
      </if>
      <if test="startTime != null" >
        start_time,
      </if>
      <if test="endTime != null" >
        end_time,
      </if>
      <if test="state != null" >
        state,
      </if>
      <if test="receiver != null" >
        receiver,
      </if>
      <if test="pusherPhone != null" >
        pusher_phone,
      </if>
      <if test="receiverPhone != null" >
        receiver_phone,
      </if>
      <if test="others != null" >
        others,
      </if>
    </trim>
    <trim prefix="values (" suffix=")" suffixOverrides="," >
      <if test="id != null" >
        #{id,jdbcType=INTEGER},
      </if>
      <if test="puller != null" >
        #{puller,jdbcType=VARCHAR},
      </if>
      <if test="title != null" >
        #{title,jdbcType=VARCHAR},
      </if>
      <if test="content != null" >
        #{content,jdbcType=VARCHAR},
      </if>
      <if test="startTime != null" >
        #{startTime,jdbcType=TIMESTAMP},
      </if>
      <if test="endTime != null" >
        #{endTime,jdbcType=TIMESTAMP},
      </if>
      <if test="state != null" >
        #{state,jdbcType=INTEGER},
      </if>
      <if test="receiver != null" >
        #{receiver,jdbcType=VARCHAR},
      </if>
      <if test="pusherPhone != null" >
        #{pusherPhone,jdbcType=VARCHAR},
      </if>
      <if test="receiverPhone != null" >
        #{receiverPhone,jdbcType=VARCHAR},
      </if>
      <if test="others != null" >
        #{others,jdbcType=VARCHAR},
      </if>
    </trim>
  </insert>
  <select id="countByExample" parameterType="com.example.demo.model.entity.HelpExample" resultType="java.lang.Integer" >
    select count(*) from Help
    <if test="_parameter != null" >
      <include refid="Example_Where_Clause" />
    </if>
  </select>
  <update id="updateByExampleSelective" parameterType="map" >
    update Help
    <set >
      <if test="record.id != null" >
        id = #{record.id,jdbcType=INTEGER},
      </if>
      <if test="record.puller != null" >
        puller = #{record.puller,jdbcType=VARCHAR},
      </if>
      <if test="record.title != null" >
        title = #{record.title,jdbcType=VARCHAR},
      </if>
      <if test="record.content != null" >
        content = #{record.content,jdbcType=VARCHAR},
      </if>
      <if test="record.startTime != null" >
        start_time = #{record.startTime,jdbcType=TIMESTAMP},
      </if>
      <if test="record.endTime != null" >
        end_time = #{record.endTime,jdbcType=TIMESTAMP},
      </if>
      <if test="record.state != null" >
        state = #{record.state,jdbcType=INTEGER},
      </if>
      <if test="record.receiver != null" >
        receiver = #{record.receiver,jdbcType=VARCHAR},
      </if>
      <if test="record.pusherPhone != null" >
        pusher_phone = #{record.pusherPhone,jdbcType=VARCHAR},
      </if>
      <if test="record.receiverPhone != null" >
        receiver_phone = #{record.receiverPhone,jdbcType=VARCHAR},
      </if>
      <if test="record.others != null" >
        others = #{record.others,jdbcType=VARCHAR},
      </if>
    </set>
    <if test="_parameter != null" >
      <include refid="Update_By_Example_Where_Clause" />
    </if>
  </update>
  <update id="updateByExample" parameterType="map" >
    update Help
    set id = #{record.id,jdbcType=INTEGER},
      puller = #{record.puller,jdbcType=VARCHAR},
      title = #{record.title,jdbcType=VARCHAR},
      content = #{record.content,jdbcType=VARCHAR},
      start_time = #{record.startTime,jdbcType=TIMESTAMP},
      end_time = #{record.endTime,jdbcType=TIMESTAMP},
      state = #{record.state,jdbcType=INTEGER},
      receiver = #{record.receiver,jdbcType=VARCHAR},
      pusher_phone = #{record.pusherPhone,jdbcType=VARCHAR},
      receiver_phone = #{record.receiverPhone,jdbcType=VARCHAR},
      others = #{record.others,jdbcType=VARCHAR}
    <if test="_parameter != null" >
      <include refid="Update_By_Example_Where_Clause" />
    </if>
  </update>
  <update id="updateByPrimaryKeySelective" parameterType="com.example.demo.model.entity.Help" >
    update Help
    <set >
      <if test="puller != null" >
        puller = #{puller,jdbcType=VARCHAR},
      </if>
      <if test="title != null" >
        title = #{title,jdbcType=VARCHAR},
      </if>
      <if test="content != null" >
        content = #{content,jdbcType=VARCHAR},
      </if>
      <if test="startTime != null" >
        start_time = #{startTime,jdbcType=TIMESTAMP},
      </if>
      <if test="endTime != null" >
        end_time = #{endTime,jdbcType=TIMESTAMP},
      </if>
      <if test="state != null" >
        state = #{state,jdbcType=INTEGER},
      </if>
      <if test="receiver != null" >
        receiver = #{receiver,jdbcType=VARCHAR},
      </if>
      <if test="pusherPhone != null" >
        pusher_phone = #{pusherPhone,jdbcType=VARCHAR},
      </if>
      <if test="receiverPhone != null" >
        receiver_phone = #{receiverPhone,jdbcType=VARCHAR},
      </if>
      <if test="others != null" >
        others = #{others,jdbcType=VARCHAR},
      </if>
    </set>
    where id = #{id,jdbcType=INTEGER}
  </update>
  <update id="updateByPrimaryKey" parameterType="com.example.demo.model.entity.Help" >
    update Help
    set puller = #{puller,jdbcType=VARCHAR},
      title = #{title,jdbcType=VARCHAR},
      content = #{content,jdbcType=VARCHAR},
      start_time = #{startTime,jdbcType=TIMESTAMP},
      end_time = #{endTime,jdbcType=TIMESTAMP},
      state = #{state,jdbcType=INTEGER},
      receiver = #{receiver,jdbcType=VARCHAR},
      pusher_phone = #{pusherPhone,jdbcType=VARCHAR},
      receiver_phone = #{receiverPhone,jdbcType=VARCHAR},
      others = #{others,jdbcType=VARCHAR}
    where id = #{id,jdbcType=INTEGER}
  </update>
</mapper>