<?xml version="1.0" encoding="UTF-8" ?>
<!DOCTYPE mapper PUBLIC "-//mybatis.org//DTD Mapper 3.0//EN" "http://mybatis.org/dtd/mybatis-3-mapper.dtd" >
<mapper namespace="com.example.demo.dao.Private_ChartsMapper" >
  <resultMap id="BaseResultMap" type="com.example.demo.model.entity.Private_Charts" >
    <id column="id" property="id" jdbcType="INTEGER" />
    <result column="sender" property="sender" jdbcType="VARCHAR" />
    <result column="receiver" property="receiver" jdbcType="VARCHAR" />
    <result column="title" property="title" jdbcType="VARCHAR" />
    <result column="content" property="content" jdbcType="VARCHAR" />
    <result column="send_time" property="sendTime" jdbcType="TIMESTAMP" />
    <result column="state" property="state" jdbcType="INTEGER" />
  </resultMap>
  <sql id="Example_Where_Clause" >
    <where >
      <foreach collection="oredCriteria" item="criteria" separator="or" >
        <if test="criteria.valid" >
          <trim prefix="(" suffix=")" prefixOverrides="and" >
            <foreach collection="criteria.criteria" item="criterion" >
              <choose >
                <when test="criterion.noValue" >
                  and ${criterion.condition}
                </when>
                <when test="criterion.singleValue" >
                  and ${criterion.condition} #{criterion.value}
                </when>
                <when test="criterion.betweenValue" >
                  and ${criterion.condition} #{criterion.value} and #{criterion.secondValue}
                </when>
                <when test="criterion.listValue" >
                  and ${criterion.condition}
                  <foreach collection="criterion.value" item="listItem" open="(" close=")" separator="," >
                    #{listItem}
                  </foreach>
                </when>
              </choose>
            </foreach>
          </trim>
        </if>
      </foreach>
    </where>
  </sql>
  <sql id="Update_By_Example_Where_Clause" >
    <where >
      <foreach collection="example.oredCriteria" item="criteria" separator="or" >
        <if test="criteria.valid" >
          <trim prefix="(" suffix=")" prefixOverrides="and" >
            <foreach collection="criteria.criteria" item="criterion" >
              <choose >
                <when test="criterion.noValue" >
                  and ${criterion.condition}
                </when>
                <when test="criterion.singleValue" >
                  and ${criterion.condition} #{criterion.value}
                </when>
                <when test="criterion.betweenValue" >
                  and ${criterion.condition} #{criterion.value} and #{criterion.secondValue}
                </when>
                <when test="criterion.listValue" >
                  and ${criterion.condition}
                  <foreach collection="criterion.value" item="listItem" open="(" close=")" separator="," >
                    #{listItem}
                  </foreach>
                </when>
              </choose>
            </foreach>
          </trim>
        </if>
      </foreach>
    </where>
  </sql>
  <sql id="Base_Column_List" >
    id, sender, receiver, title, content, send_time, state
  </sql>
  <select id="selectByExample" resultMap="BaseResultMap" parameterType="com.example.demo.model.entity.Private_ChartsExample" >
    select
    <if test="distinct" >
      distinct
    </if>
    'true' as QUERYID,
    <include refid="Base_Column_List" />
    from Private_Charts
    <if test="_parameter != null" >
      <include refid="Example_Where_Clause" />
    </if>
    <if test="orderByClause != null" >
      order by ${orderByClause}
    </if>
  </select>
  <select id="selectByPrimaryKey" resultMap="BaseResultMap" parameterType="java.lang.Integer" >
    select 
    <include refid="Base_Column_List" />
    from Private_Charts
    where id = #{id,jdbcType=INTEGER}
  </select>
  <delete id="deleteByPrimaryKey" parameterType="java.lang.Integer" >
    delete from Private_Charts
    where id = #{id,jdbcType=INTEGER}
  </delete>
  <delete id="deleteByExample" parameterType="com.example.demo.model.entity.Private_ChartsExample" >
    delete from Private_Charts
    <if test="_parameter != null" >
      <include refid="Example_Where_Clause" />
    </if>
  </delete>
  <insert id="insert" parameterType="com.example.demo.model.entity.Private_Charts" >
    insert into Private_Charts (id, sender, receiver, 
      title, content, send_time, 
      state)
    values (#{id,jdbcType=INTEGER}, #{sender,jdbcType=VARCHAR}, #{receiver,jdbcType=VARCHAR}, 
      #{title,jdbcType=VARCHAR}, #{content,jdbcType=VARCHAR}, #{sendTime,jdbcType=TIMESTAMP}, 
      #{state,jdbcType=INTEGER})
  </insert>

  <!--添加的增加数据方法-->
  <insert id="insertauto" >
    insert into Private_Charts (sender, receiver,
      title, content, send_time,
      state)
    values (#{0}, #{1},
      #{2}, #{3}, #{4},
      #{5})
  </insert>

  <insert id="insertSelective" parameterType="com.example.demo.model.entity.Private_Charts" >
    insert into Private_Charts
    <trim prefix="(" suffix=")" suffixOverrides="," >
      <if test="id != null" >
        id,
      </if>
      <if test="sender != null" >
        sender,
      </if>
      <if test="receiver != null" >
        receiver,
      </if>
      <if test="title != null" >
        title,
      </if>
      <if test="content != null" >
        content,
      </if>
      <if test="sendTime != null" >
        send_time,
      </if>
      <if test="state != null" >
        state,
      </if>
    </trim>
    <trim prefix="values (" suffix=")" suffixOverrides="," >
      <if test="id != null" >
        #{id,jdbcType=INTEGER},
      </if>
      <if test="sender != null" >
        #{sender,jdbcType=VARCHAR},
      </if>
      <if test="receiver != null" >
        #{receiver,jdbcType=VARCHAR},
      </if>
      <if test="title != null" >
        #{title,jdbcType=VARCHAR},
      </if>
      <if test="content != null" >
        #{content,jdbcType=VARCHAR},
      </if>
      <if test="sendTime != null" >
        #{sendTime,jdbcType=TIMESTAMP},
      </if>
      <if test="state != null" >
        #{state,jdbcType=INTEGER},
      </if>
    </trim>
  </insert>
  <select id="countByExample" parameterType="com.example.demo.model.entity.Private_ChartsExample" resultType="java.lang.Integer" >
    select count(*) from Private_Charts
    <if test="_parameter != null" >
      <include refid="Example_Where_Clause" />
    </if>
  </select>
  <update id="updateByExampleSelective" parameterType="map" >
    update Private_Charts
    <set >
      <if test="record.id != null" >
        id = #{record.id,jdbcType=INTEGER},
      </if>
      <if test="record.sender != null" >
        sender = #{record.sender,jdbcType=VARCHAR},
      </if>
      <if test="record.receiver != null" >
        receiver = #{record.receiver,jdbcType=VARCHAR},
      </if>
      <if test="record.title != null" >
        title = #{record.title,jdbcType=VARCHAR},
      </if>
      <if test="record.content != null" >
        content = #{record.content,jdbcType=VARCHAR},
      </if>
      <if test="record.sendTime != null" >
        send_time = #{record.sendTime,jdbcType=TIMESTAMP},
      </if>
      <if test="record.state != null" >
        state = #{record.state,jdbcType=INTEGER},
      </if>
    </set>
    <if test="_parameter != null" >
      <include refid="Update_By_Example_Where_Clause" />
    </if>
  </update>
  <update id="updateByExample" parameterType="map" >
    update Private_Charts
    set id = #{record.id,jdbcType=INTEGER},
      sender = #{record.sender,jdbcType=VARCHAR},
      receiver = #{record.receiver,jdbcType=VARCHAR},
      title = #{record.title,jdbcType=VARCHAR},
      content = #{record.content,jdbcType=VARCHAR},
      send_time = #{record.sendTime,jdbcType=TIMESTAMP},
      state = #{record.state,jdbcType=INTEGER}
    <if test="_parameter != null" >
      <include refid="Update_By_Example_Where_Clause" />
    </if>
  </update>
  <update id="updateByPrimaryKeySelective" parameterType="com.example.demo.model.entity.Private_Charts" >
    update Private_Charts
    <set >
      <if test="sender != null" >
        sender = #{sender,jdbcType=VARCHAR},
      </if>
      <if test="receiver != null" >
        receiver = #{receiver,jdbcType=VARCHAR},
      </if>
      <if test="title != null" >
        title = #{title,jdbcType=VARCHAR},
      </if>
      <if test="content != null" >
        content = #{content,jdbcType=VARCHAR},
      </if>
      <if test="sendTime != null" >
        send_time = #{sendTime,jdbcType=TIMESTAMP},
      </if>
      <if test="state != null" >
        state = #{state,jdbcType=INTEGER},
      </if>
    </set>
    where id = #{id,jdbcType=INTEGER}
  </update>
  <update id="updateByPrimaryKey" parameterType="com.example.demo.model.entity.Private_Charts" >
    update Private_Charts
    set sender = #{sender,jdbcType=VARCHAR},
      receiver = #{receiver,jdbcType=VARCHAR},
      title = #{title,jdbcType=VARCHAR},
      content = #{content,jdbcType=VARCHAR},
      send_time = #{sendTime,jdbcType=TIMESTAMP},
      state = #{state,jdbcType=INTEGER}
    where id = #{id,jdbcType=INTEGER}
  </update>
</mapper>