<?xml version="1.0" encoding="UTF-8" ?>
<!DOCTYPE mapper PUBLIC "-//mybatis.org//DTD Mapper 3.0//EN" "http://mybatis.org/dtd/mybatis-3-mapper.dtd" >
<mapper namespace="com.example.demo.dao.Tag_UsersMapper" >
  <resultMap id="BaseResultMap" type="com.example.demo.model.entity.Tag_Users" >
    <id column="id" property="id" jdbcType="INTEGER" />
    <result column="user" property="user" jdbcType="VARCHAR" />
    <result column="tag" property="tag" jdbcType="INTEGER" />
    <result column="extent" property="extent" jdbcType="INTEGER" />
  </resultMap>
  <sql id="Example_Where_Clause" >
    <where >
      <foreach collection="oredCriteria" item="criteria" separator="or" >
        <if test="criteria.valid" >
          <trim prefix="(" suffix=")" prefixOverrides="and" >
            <foreach collection="criteria.criteria" item="criterion" >
              <choose >
                <when test="criterion.noValue" >
                  and ${criterion.condition}
                </when>
                <when test="criterion.singleValue" >
                  and ${criterion.condition} #{criterion.value}
                </when>
                <when test="criterion.betweenValue" >
                  and ${criterion.condition} #{criterion.value} and #{criterion.secondValue}
                </when>
                <when test="criterion.listValue" >
                  and ${criterion.condition}
                  <foreach collection="criterion.value" item="listItem" open="(" close=")" separator="," >
                    #{listItem}
                  </foreach>
                </when>
              </choose>
            </foreach>
          </trim>
        </if>
      </foreach>
    </where>
  </sql>
  <sql id="Update_By_Example_Where_Clause" >
    <where >
      <foreach collection="example.oredCriteria" item="criteria" separator="or" >
        <if test="criteria.valid" >
          <trim prefix="(" suffix=")" prefixOverrides="and" >
            <foreach collection="criteria.criteria" item="criterion" >
              <choose >
                <when test="criterion.noValue" >
                  and ${criterion.condition}
                </when>
                <when test="criterion.singleValue" >
                  and ${criterion.condition} #{criterion.value}
                </when>
                <when test="criterion.betweenValue" >
                  and ${criterion.condition} #{criterion.value} and #{criterion.secondValue}
                </when>
                <when test="criterion.listValue" >
                  and ${criterion.condition}
                  <foreach collection="criterion.value" item="listItem" open="(" close=")" separator="," >
                    #{listItem}
                  </foreach>
                </when>
              </choose>
            </foreach>
          </trim>
        </if>
      </foreach>
    </where>
  </sql>
  <sql id="Base_Column_List" >
    id, user, tag, extent
  </sql>
  <select id="selectByExample" resultMap="BaseResultMap" parameterType="com.example.demo.model.entity.Tag_UsersExample" >
    select
    <if test="distinct" >
      distinct
    </if>
    'true' as QUERYID,
    <include refid="Base_Column_List" />
    from Tag_Users
    <if test="_parameter != null" >
      <include refid="Example_Where_Clause" />
    </if>
    <if test="orderByClause != null" >
      order by ${orderByClause}
    </if>
  </select>
  <select id="selectByPrimaryKey" resultMap="BaseResultMap" parameterType="java.lang.Integer" >
    select 
    <include refid="Base_Column_List" />
    from Tag_Users
    where id = #{id,jdbcType=INTEGER}
  </select>

  <!--添加通过用户id获取标签喜好度（降序）方法-->
  <select id="getByUser" parameterType="java.lang.String" resultMap="BaseResultMap">
    select
    <include refid="Base_Column_List" />
    from Tag_Users
    where user = #{user,jdbcType=VARCHAR}
    order by extent desc
  </select>

  <delete id="deleteByPrimaryKey" parameterType="java.lang.Integer" >
    delete from Tag_Users
    where id = #{id,jdbcType=INTEGER}
  </delete>
  <delete id="deleteByExample" parameterType="com.example.demo.model.entity.Tag_UsersExample" >
    delete from Tag_Users
    <if test="_parameter != null" >
      <include refid="Example_Where_Clause" />
    </if>
  </delete>
  <insert id="insert" parameterType="com.example.demo.model.entity.Tag_Users" >
    insert into Tag_Users (id, user, tag, 
      extent)
    values (#{id,jdbcType=INTEGER}, #{user,jdbcType=VARCHAR}, #{tag,jdbcType=INTEGER}, 
      #{extent,jdbcType=INTEGER})
  </insert>
  <insert id="insertSelective" parameterType="com.example.demo.model.entity.Tag_Users" >
    insert into Tag_Users
    <trim prefix="(" suffix=")" suffixOverrides="," >
      <if test="id != null" >
        id,
      </if>
      <if test="user != null" >
        user,
      </if>
      <if test="tag != null" >
        tag,
      </if>
      <if test="extent != null" >
        extent,
      </if>
    </trim>
    <trim prefix="values (" suffix=")" suffixOverrides="," >
      <if test="id != null" >
        #{id,jdbcType=INTEGER},
      </if>
      <if test="user != null" >
        #{user,jdbcType=VARCHAR},
      </if>
      <if test="tag != null" >
        #{tag,jdbcType=INTEGER},
      </if>
      <if test="extent != null" >
        #{extent,jdbcType=INTEGER},
      </if>
    </trim>
  </insert>
  <select id="countByExample" parameterType="com.example.demo.model.entity.Tag_UsersExample" resultType="java.lang.Integer" >
    select count(*) from Tag_Users
    <if test="_parameter != null" >
      <include refid="Example_Where_Clause" />
    </if>
  </select>
  <update id="updateByExampleSelective" parameterType="map" >
    update Tag_Users
    <set >
      <if test="record.id != null" >
        id = #{record.id,jdbcType=INTEGER},
      </if>
      <if test="record.user != null" >
        user = #{record.user,jdbcType=VARCHAR},
      </if>
      <if test="record.tag != null" >
        tag = #{record.tag,jdbcType=INTEGER},
      </if>
      <if test="record.extent != null" >
        extent = #{record.extent,jdbcType=INTEGER},
      </if>
    </set>
    <if test="_parameter != null" >
      <include refid="Update_By_Example_Where_Clause" />
    </if>
  </update>
  <update id="updateByExample" parameterType="map" >
    update Tag_Users
    set id = #{record.id,jdbcType=INTEGER},
      user = #{record.user,jdbcType=VARCHAR},
      tag = #{record.tag,jdbcType=INTEGER},
      extent = #{record.extent,jdbcType=INTEGER}
    <if test="_parameter != null" >
      <include refid="Update_By_Example_Where_Clause" />
    </if>
  </update>
  <update id="updateByPrimaryKeySelective" parameterType="com.example.demo.model.entity.Tag_Users" >
    update Tag_Users
    <set >
      <if test="user != null" >
        user = #{user,jdbcType=VARCHAR},
      </if>
      <if test="tag != null" >
        tag = #{tag,jdbcType=INTEGER},
      </if>
      <if test="extent != null" >
        extent = #{extent,jdbcType=INTEGER},
      </if>
    </set>
    where id = #{id,jdbcType=INTEGER}
  </update>
  <update id="updateByPrimaryKey" parameterType="com.example.demo.model.entity.Tag_Users" >
    update Tag_Users
    set user = #{user,jdbcType=VARCHAR},
      tag = #{tag,jdbcType=INTEGER},
      extent = #{extent,jdbcType=INTEGER}
    where id = #{id,jdbcType=INTEGER}
  </update>
</mapper>